insert into users (user_id, username) values
('auth0|94afd9e7294a59e73e6abfbd', 'robert'),
('auth0|3baa9bc92c9c5decbda32f76', 'joe'),
('auth0|66f81f7d9caecc11cdab18d6', 'me@gmail.com');

insert into contacts (contact_id, name, user_id, added_on, birthday) values
('5c21433c-3c70-4253-a4b2-52b157be4167', 'Greg from accounting', 'auth0|66f81f7d9caecc11cdab18d6', CURRENT_TIMESTAMP, '1980-05-15'),
('4fe25947-ecab-489c-a881-e0057124e408', 'Coworker Fred', 'auth0|66f81f7d9caecc11cdab18d6', CURRENT_TIMESTAMP, '1985-08-20'),
('35b175ba-0a27-43e9-bc3f-cf23e1ca2ea7', 'Sister Monica', 'auth0|66f81f7d9caecc11cdab18d6', CURRENT_TIMESTAMP, '1990-12-01'),
('7f23057f-77bd-4568-ac64-e933abae9a09', 'Best friend Julia', 'auth0|66f81f7d9caecc11cdab18d6', CURRENT_TIMESTAMP, '1992-03-10'),
('84edd1b9-89a5-4107-a84d-435676c2b8f5', 'Mom', 'auth0|66f81f7d9caecc11cdab18d6', CURRENT_TIMESTAMP, '1975-07-25'),
('8fb2bd75-9aec-4cc5-b77b-a95f06081388', 'Pizza and burgers', 'auth0|66f81f7d9caecc11cdab18d6', CURRENT_TIMESTAMP, '1988-11-30'),
('b621650d-4a81-4016-a917-4a8a4992aaef', 'Uncle Jeff', 'auth0|66f81f7d9caecc11cdab18d6', CURRENT_TIMESTAMP, '1983-02-14'),
('933e1c6b-887f-4740-9694-870020108906', 'Alice Smith', 'auth0|66f81f7d9caecc11cdab18d6', CURRENT_TIMESTAMP, '1995-06-05'),
('02672776-8575-4749-8041-9a7428805f42', 'Bob Johnson', 'auth0|66f81f7d9caecc11cdab18d6', CURRENT_TIMESTAMP, '1987-09-12'),
('286d8048-b4b1-4c07-9759-33512e096472', 'Charlie Brown', 'auth0|66f81f7d9caecc11cdab18d6', CURRENT_TIMESTAMP, '1993-04-22'),
('5e2f9859-9941-4712-9844-48601614945d', 'David Lee', 'auth0|66f81f7d9caecc11cdab18d6', CURRENT_TIMESTAMP, '1986-01-30'),
('02760233-a615-4654-8c81-4560d268a0a9', 'Eve Wilson', 'auth0|66f81f7d9caecc11cdab18d6', CURRENT_TIMESTAMP, '1991-10-05'),
('866d9f0f-0749-417c-a02b-a01494d4d126', 'Frank Garcia', 'auth0|66f81f7d9caecc11cdab18d6', CURRENT_TIMESTAMP, '1982-08-15'),
('8685141e-f3b1-4a46-886f-22a49800d923', 'Grace Rodriguez', 'auth0|66f81f7d9caecc11cdab18d6', CURRENT_TIMESTAMP, '1994-12-20'),
('213c4155-22d7-4c03-b072-f8150499d63c', 'Henry Martinez', 'auth0|66f81f7d9caecc11cdab18d6', CURRENT_TIMESTAMP, '1989-03-25'),
('09d57a6e-71c1-4b13-a442-99890a8a8167', 'Ivy Anderson', 'auth0|66f81f7d9caecc11cdab18d6', CURRENT_TIMESTAMP, '1998-07-30'),
('654877d5-d97a-493e-8c83-75b282496a75', 'Jack Thomas', 'auth0|66f81f7d9caecc11cdab18d6', CURRENT_TIMESTAMP, '1984-11-10'),
('76850f4a-73d7-4008-8e81-f5383f9828d1', 'Kelly Jackson', 'auth0|66f81f7d9caecc11cdab18d6', CURRENT_TIMESTAMP, '1990-02-28'),
('137d2f92-963d-4c5e-8848-0c64188b3943', 'Liam White', 'auth0|66f81f7d9caecc11cdab18d6', CURRENT_TIMESTAMP, '1996-05-18'),
('9a502479-7a32-485a-b9c1-7917818e385b', 'Mia Harris', 'auth0|66f81f7d9caecc11cdab18d6', CURRENT_TIMESTAMP, '1997-08-22'),
('09867990-2646-444a-93a8-444391690412', 'Noah Martin', 'auth0|66f81f7d9caecc11cdab18d6', CURRENT_TIMESTAMP, '1981-04-14'),
('1c0d3810-7451-412e-ab51-939e14a1f599', 'Olivia Thompson', 'auth0|66f81f7d9caecc11cdab18d6', CURRENT_TIMESTAMP, '1999-09-09');

insert into phone_numbers (phone_number, contact_id, mark) values
('+3592659480427', '5c21433c-3c70-4253-a4b2-52b157be4167', 'home'),
('+525465365876', '4fe25947-ecab-489c-a881-e0057124e408', 'home'),
('+815642058516', '4fe25947-ecab-489c-a881-e0057124e408', 'mobile'),
('+3591040949549', '4fe25947-ecab-489c-a881-e0057124e408', 'office'),
('+657742480921', '35b175ba-0a27-43e9-bc3f-cf23e1ca2ea7', 'office'),
('+31716883562', '7f23057f-77bd-4568-ac64-e933abae9a09', 'home'),
('+390582636323', '7f23057f-77bd-4568-ac64-e933abae9a09', 'office'),
('+12225144183', '7f23057f-77bd-4568-ac64-e933abae9a09', 'office2'),
('+659167889156', '84edd1b9-89a5-4107-a84d-435676c2b8f5', 'home'),
('+817886064615', '8fb2bd75-9aec-4cc5-b77b-a95f06081388', 'main'),
('+398094640706', 'b621650d-4a81-4016-a917-4a8a4992aaef', 'home'),
('+311417504453', 'b621650d-4a81-4016-a917-4a8a4992aaef', 'mobile'),
('+311417504453', '02672776-8575-4749-8041-9a7428805f42', 'mobile'),
('+311417504453', '286d8048-b4b1-4c07-9759-33512e096472', 'mobile'),
('+311417504453', '5e2f9859-9941-4712-9844-48601614945d', 'mobile'),
('+311417504453', '02760233-a615-4654-8c81-4560d268a0a9', 'mobile'),
('+311417504453', '866d9f0f-0749-417c-a02b-a01494d4d126', 'mobile'),
('+311417504453', '8685141e-f3b1-4a46-886f-22a49800d923', 'mobile'),
('+311417504453', '213c4155-22d7-4c03-b072-f8150499d63c', 'mobile'),
('+311417504453', '09d57a6e-71c1-4b13-a442-99890a8a8167', 'mobile'),
('+311417504453', '654877d5-d97a-493e-8c83-75b282496a75', 'mobile'),
('+311417504453', '76850f4a-73d7-4008-8e81-f5383f9828d1', 'mobile'),
('+311417504453', '137d2f92-963d-4c5e-8848-0c64188b3943', 'mobile'),
('+311417504453', '9a502479-7a32-485a-b9c1-7917818e385b', 'mobile'),
('+311417504453', '09867990-2646-444a-93a8-444391690412', 'mobile'),
('+311417504453', '1c0d3810-7451-412e-ab51-939e14a1f599', 'mobile');

insert into addresses (mark, contact_id, street, country, city, state, zipcode) values
('home', '5c21433c-3c70-4253-a4b2-52b157be4167',  '343-1199, Tennodai', 'Japan', 'Abiko-shi', 'Chiba', '02169'),
('work', '5c21433c-3c70-4253-a4b2-52b157be4167', '127-1121, Hiyamizu', 'Japan', 'Rankoshi-cho Isoya-gun', 'Hokkaido', '02169'),
('home', '4fe25947-ecab-489c-a881-e0057124e408', '4454 Steve Hunt Road', 'EUA', 'Miami', 'Florida', '33131'),
('home', '35b175ba-0a27-43e9-bc3f-cf23e1ca2ea7', '4529 Jehovah Drive', 'EUA', 'Waynesboro', 'Virginia', '22980'),
('store 1', '8fb2bd75-9aec-4cc5-b77b-a95f06081388', '3267 Mercer Street', 'EUA', 'San Diego', 'California', '92119'),
('store 2', '8fb2bd75-9aec-4cc5-b77b-a95f06081388', '2644 Arron Smith Drive', 'EUA', 'Thelma', 'Kentucky', '41260'),
('store 3', '8fb2bd75-9aec-4cc5-b77b-a95f06081388', '2221 Spruce Drive', 'EUA', 'Core', 'Pennsylvania', '26529'),
('home', '84edd1b9-89a5-4107-a84d-435676c2b8f5', '2259 Sycamore Fork Road', 'EUA', 'Hopkins', 'Minnesota', '55343'),
('home', '7f23057f-77bd-4568-ac64-e933abae9a09', '1116 Mahlon Street', 'EUA', 'Farmington Hills', 'Michigan', '48335'),
('home', 'b621650d-4a81-4016-a917-4a8a4992aaef', '237-1233, Ichihasama Shimmai', 'Japan', 'Kurihara-shi', 'Miyagi', '46231'),
('work', 'b621650d-4a81-4016-a917-4a8a4992aaef', '210-1040, Okada', 'Japan', 'Chikushino-shi', 'Fukuoka', '48335');

insert into emails (mark, email, contact_id) values
('main', 'sailor.greg99@hotmail.co.jp', '5c21433c-3c70-4253-a4b2-52b157be4167'),
('main', 'yuki.fred@gmail.com', '4fe25947-ecab-489c-a881-e0057124e408'),
('main', 'usermonica01@outlook.com', '35b175ba-0a27-43e9-bc3f-cf23e1ca2ea7'),
('main', 'rick.julia@zipmail.com', '7f23057f-77bd-4568-ac64-e933abae9a09'),
('second', 'juliarcs@outlook.com', '7f23057f-77bd-4568-ac64-e933abae9a09'),
('third', 'contactforjulia@wolf.com', '7f23057f-77bd-4568-ac64-e933abae9a09'),
('main', 'Sheyla.orton@hoppe.org', '84edd1b9-89a5-4107-a84d-435676c2b8f5'),
('main', 'pizzaandburgers.main@amazon.com', '8fb2bd75-9aec-4cc5-b77b-a95f06081388'),
('second', 'pizzaandburgers.store2@amazon.com', '8fb2bd75-9aec-4cc5-b77b-a95f06081388'),
('main', 'contactforjeff.now@yahoo.com', 'b621650d-4a81-4016-a917-4a8a4992aaef');